<?xml version='1.0' encoding='utf-8'?>
<project xmlns="http://www.plcopen.org/xml/tc6_0201" xmlns:xsd="http://www.w3.org/2001/XMLSchema" xmlns:xhtml="http://www.w3.org/1999/xhtml" xmlns:ns1="http://www.plcopen.org/xml/tc6_0201">
  <fileHeader companyName="Inconnu" productName="SansNom" productVersion="1" creationDateTime="2024-03-20T09:46:28"/>
  <contentHeader name="SansNom" modificationDateTime="2024-04-03T10:23:15">
    <coordinateInfo>
      <fbd>
        <scaling x="10" y="10"/>
      </fbd>
      <ld>
        <scaling x="10" y="10"/>
      </ld>
      <sfc>
        <scaling x="10" y="10"/>
      </sfc>
    </coordinateInfo>
  </contentHeader>
  <types>
    <dataTypes/>
    <pous>
      <pou name="ChenillardEz" pouType="program">
        <interface>
          <localVars>
            <variable name="LED1" address="%QX0.0">
              <type>
                <BOOL/>
              </type>
            </variable>
            <variable name="LED2" address="%QX0.1">
              <type>
                <BOOL/>
              </type>
            </variable>
            <variable name="LED3" address="%QX0.2">
              <type>
                <BOOL/>
              </type>
            </variable>
            <variable name="LED4" address="%QX0.3">
              <type>
                <BOOL/>
              </type>
            </variable>
          </localVars>
          <localVars>
            <variable name="DCY">
              <type>
                <BOOL/>
              </type>
            </variable>
            <variable name="VA1">
              <type>
                <BOOL/>
              </type>
            </variable>
            <variable name="VA2">
              <type>
                <BOOL/>
              </type>
            </variable>
          </localVars>
          <localVars>
            <variable name="BP" address="%IX0.0">
              <type>
                <BOOL/>
              </type>
            </variable>
            <variable name="BP0" address="%IX0.1">
              <type>
                <BOOL/>
              </type>
            </variable>
          </localVars>
          <localVars>
            <variable name="TON0">
              <type>
                <derived name="TON"/>
              </type>
            </variable>
            <variable name="TON1">
              <type>
                <derived name="TON"/>
              </type>
            </variable>
            <variable name="TON2">
              <type>
                <derived name="TON"/>
              </type>
            </variable>
            <variable name="TON3">
              <type>
                <derived name="TON"/>
              </type>
            </variable>
            <variable name="TON4">
              <type>
                <derived name="TON"/>
              </type>
            </variable>
            <variable name="TON5">
              <type>
                <derived name="TON"/>
              </type>
            </variable>
            <variable name="TON6">
              <type>
                <derived name="TON"/>
              </type>
            </variable>
          </localVars>
        </interface>
        <body>
          <LD>
            <leftPowerRail localId="1" width="10" height="1200">
              <position x="160" y="110"/>
              <connectionPointOut formalParameter="">
                <relPosition x="10" y="20"/>
              </connectionPointOut>
              <connectionPointOut formalParameter="">
                <relPosition x="10" y="60"/>
              </connectionPointOut>
              <connectionPointOut formalParameter="">
                <relPosition x="10" y="100"/>
              </connectionPointOut>
              <connectionPointOut formalParameter="">
                <relPosition x="10" y="140"/>
              </connectionPointOut>
              <connectionPointOut formalParameter="">
                <relPosition x="10" y="180"/>
              </connectionPointOut>
              <connectionPointOut formalParameter="">
                <relPosition x="10" y="220"/>
              </connectionPointOut>
              <connectionPointOut formalParameter="">
                <relPosition x="10" y="260"/>
              </connectionPointOut>
              <connectionPointOut formalParameter="">
                <relPosition x="10" y="300"/>
              </connectionPointOut>
              <connectionPointOut formalParameter="">
                <relPosition x="10" y="340"/>
              </connectionPointOut>
              <connectionPointOut formalParameter="">
                <relPosition x="10" y="380"/>
              </connectionPointOut>
              <connectionPointOut formalParameter="">
                <relPosition x="10" y="420"/>
              </connectionPointOut>
              <connectionPointOut formalParameter="">
                <relPosition x="10" y="460"/>
              </connectionPointOut>
              <connectionPointOut formalParameter="">
                <relPosition x="10" y="500"/>
              </connectionPointOut>
              <connectionPointOut formalParameter="">
                <relPosition x="10" y="540"/>
              </connectionPointOut>
              <connectionPointOut formalParameter="">
                <relPosition x="10" y="580"/>
              </connectionPointOut>
              <connectionPointOut formalParameter="">
                <relPosition x="10" y="620"/>
              </connectionPointOut>
              <connectionPointOut formalParameter="">
                <relPosition x="10" y="660"/>
              </connectionPointOut>
              <connectionPointOut formalParameter="">
                <relPosition x="10" y="700"/>
              </connectionPointOut>
              <connectionPointOut formalParameter="">
                <relPosition x="10" y="740"/>
              </connectionPointOut>
              <connectionPointOut formalParameter="">
                <relPosition x="10" y="780"/>
              </connectionPointOut>
              <connectionPointOut formalParameter="">
                <relPosition x="10" y="820"/>
              </connectionPointOut>
              <connectionPointOut formalParameter="">
                <relPosition x="10" y="860"/>
              </connectionPointOut>
              <connectionPointOut formalParameter="">
                <relPosition x="10" y="900"/>
              </connectionPointOut>
              <connectionPointOut formalParameter="">
                <relPosition x="10" y="940"/>
              </connectionPointOut>
              <connectionPointOut formalParameter="">
                <relPosition x="10" y="980"/>
              </connectionPointOut>
              <connectionPointOut formalParameter="">
                <relPosition x="10" y="1020"/>
              </connectionPointOut>
              <connectionPointOut formalParameter="">
                <relPosition x="10" y="1060"/>
              </connectionPointOut>
              <connectionPointOut formalParameter="">
                <relPosition x="10" y="1100"/>
              </connectionPointOut>
              <connectionPointOut formalParameter="">
                <relPosition x="10" y="1140"/>
              </connectionPointOut>
              <connectionPointOut formalParameter="">
                <relPosition x="10" y="1180"/>
              </connectionPointOut>
            </leftPowerRail>
            <rightPowerRail localId="2" width="10" height="1200">
              <position x="590" y="120"/>
              <connectionPointIn>
                <relPosition x="0" y="20"/>
                <connection refLocalId="4">
                  <position x="590" y="140"/>
                  <position x="529" y="140"/>
                  <position x="529" y="130"/>
                  <position x="469" y="130"/>
                </connection>
              </connectionPointIn>
              <connectionPointIn>
                <relPosition x="0" y="60"/>
                <connection refLocalId="15">
                  <position x="590" y="180"/>
                  <position x="551" y="180"/>
                  <position x="551" y="170"/>
                  <position x="541" y="170"/>
                </connection>
              </connectionPointIn>
              <connectionPointIn>
                <relPosition x="0" y="100"/>
                <connection refLocalId="84">
                  <position x="590" y="220"/>
                  <position x="565" y="220"/>
                  <position x="565" y="210"/>
                  <position x="541" y="210"/>
                </connection>
              </connectionPointIn>
              <connectionPointIn>
                <relPosition x="0" y="140"/>
                <connection refLocalId="16">
                  <position x="590" y="260"/>
                  <position x="554" y="260"/>
                  <position x="554" y="250"/>
                  <position x="519" y="250"/>
                </connection>
              </connectionPointIn>
              <connectionPointIn>
                <relPosition x="0" y="180"/>
                <connection refLocalId="17">
                  <position x="590" y="300"/>
                  <position x="521" y="300"/>
                </connection>
              </connectionPointIn>
              <connectionPointIn>
                <relPosition x="0" y="220"/>
                <connection refLocalId="22">
                  <position x="590" y="340"/>
                  <position x="521" y="340"/>
                </connection>
              </connectionPointIn>
              <connectionPointIn>
                <relPosition x="0" y="260"/>
                <connection refLocalId="23">
                  <position x="590" y="380"/>
                  <position x="531" y="380"/>
                </connection>
              </connectionPointIn>
              <connectionPointIn>
                <relPosition x="0" y="300"/>
                <connection refLocalId="13">
                  <position x="590" y="420"/>
                  <position x="551" y="420"/>
                </connection>
              </connectionPointIn>
              <connectionPointIn>
                <relPosition x="0" y="340"/>
                <connection refLocalId="28">
                  <position x="590" y="460"/>
                  <position x="551" y="460"/>
                </connection>
              </connectionPointIn>
              <connectionPointIn>
                <relPosition x="0" y="380"/>
                <connection refLocalId="39">
                  <position x="590" y="500"/>
                  <position x="539" y="500"/>
                </connection>
              </connectionPointIn>
              <connectionPointIn>
                <relPosition x="0" y="420"/>
                <connection refLocalId="40">
                  <position x="590" y="540"/>
                  <position x="541" y="540"/>
                </connection>
              </connectionPointIn>
              <connectionPointIn>
                <relPosition x="0" y="460"/>
                <connection refLocalId="41">
                  <position x="590" y="580"/>
                  <position x="541" y="580"/>
                </connection>
              </connectionPointIn>
              <connectionPointIn>
                <relPosition x="0" y="500"/>
                <connection refLocalId="43">
                  <position x="590" y="620"/>
                  <position x="541" y="620"/>
                </connection>
              </connectionPointIn>
              <connectionPointIn>
                <relPosition x="0" y="540"/>
                <connection refLocalId="50">
                  <position x="590" y="660"/>
                  <position x="543" y="660"/>
                </connection>
              </connectionPointIn>
              <connectionPointIn>
                <relPosition x="0" y="580"/>
                <connection refLocalId="52">
                  <position x="590" y="700"/>
                  <position x="561" y="700"/>
                </connection>
              </connectionPointIn>
              <connectionPointIn>
                <relPosition x="0" y="620"/>
                <connection refLocalId="59">
                  <position x="590" y="740"/>
                  <position x="563" y="740"/>
                </connection>
              </connectionPointIn>
              <connectionPointIn>
                <relPosition x="0" y="660"/>
                <connection refLocalId="61">
                  <position x="590" y="780"/>
                  <position x="551" y="780"/>
                </connection>
              </connectionPointIn>
              <connectionPointIn>
                <relPosition x="0" y="700"/>
                <connection refLocalId="68">
                  <position x="590" y="820"/>
                  <position x="553" y="820"/>
                </connection>
              </connectionPointIn>
              <connectionPointIn>
                <relPosition x="0" y="740"/>
              </connectionPointIn>
              <connectionPointIn>
                <relPosition x="0" y="780"/>
              </connectionPointIn>
              <connectionPointIn>
                <relPosition x="0" y="820"/>
              </connectionPointIn>
              <connectionPointIn>
                <relPosition x="0" y="860"/>
              </connectionPointIn>
              <connectionPointIn>
                <relPosition x="0" y="900"/>
              </connectionPointIn>
              <connectionPointIn>
                <relPosition x="0" y="940"/>
              </connectionPointIn>
              <connectionPointIn>
                <relPosition x="0" y="980"/>
              </connectionPointIn>
              <connectionPointIn>
                <relPosition x="0" y="1020"/>
              </connectionPointIn>
              <connectionPointIn>
                <relPosition x="0" y="1060"/>
              </connectionPointIn>
              <connectionPointIn>
                <relPosition x="0" y="1100"/>
              </connectionPointIn>
              <connectionPointIn>
                <relPosition x="0" y="1140"/>
              </connectionPointIn>
              <connectionPointIn>
                <relPosition x="0" y="1180"/>
              </connectionPointIn>
            </rightPowerRail>
            <contact localId="3" negated="false" width="21" height="20">
              <position x="250" y="120"/>
              <connectionPointIn>
                <relPosition x="0" y="10"/>
                <connection refLocalId="1">
                  <position x="250" y="130"/>
                  <position x="170" y="130"/>
                </connection>
              </connectionPointIn>
              <connectionPointOut>
                <relPosition x="21" y="10"/>
              </connectionPointOut>
              <variable>BP</variable>
            </contact>
            <coil localId="4" negated="false" width="21" height="20">
              <position x="448" y="120"/>
              <connectionPointIn>
                <relPosition x="0" y="10"/>
                <connection refLocalId="3">
                  <position x="448" y="130"/>
                  <position x="271" y="130"/>
                </connection>
              </connectionPointIn>
              <connectionPointOut>
                <relPosition x="21" y="10"/>
              </connectionPointOut>
              <variable>DCY</variable>
            </coil>
            <contact localId="6" negated="false" width="21" height="20">
              <position x="200" y="160"/>
              <connectionPointIn>
                <relPosition x="0" y="10"/>
                <connection refLocalId="1">
                  <position x="200" y="170"/>
                  <position x="170" y="170"/>
                </connection>
              </connectionPointIn>
              <connectionPointOut>
                <relPosition x="21" y="10"/>
              </connectionPointOut>
              <variable>DCY</variable>
            </contact>
            <contact localId="9" negated="false" width="21" height="20">
              <position x="190" y="240"/>
              <connectionPointIn>
                <relPosition x="0" y="10"/>
                <connection refLocalId="1">
                  <position x="190" y="250"/>
                  <position x="170" y="250"/>
                </connection>
              </connectionPointIn>
              <connectionPointOut>
                <relPosition x="21" y="10"/>
              </connectionPointOut>
              <variable>LED1</variable>
            </contact>
            <block localId="11" typeName="TON" instanceName="TON0" width="50" height="60">
              <position x="390" y="220"/>
              <inputVariables>
                <variable formalParameter="IN">
                  <connectionPointIn>
                    <relPosition x="0" y="30"/>
                    <connection refLocalId="74">
                      <position x="390" y="250"/>
                      <position x="380" y="250"/>
                      <position x="380" y="250"/>
                      <position x="381" y="250"/>
                    </connection>
                  </connectionPointIn>
                </variable>
                <variable formalParameter="PT">
                  <connectionPointIn>
                    <relPosition x="0" y="50"/>
                    <connection refLocalId="14">
                      <position x="390" y="270"/>
                      <position x="365" y="270"/>
                      <position x="365" y="300"/>
                      <position x="340" y="300"/>
                    </connection>
                  </connectionPointIn>
                </variable>
              </inputVariables>
              <inOutVariables/>
              <outputVariables>
                <variable formalParameter="Q">
                  <connectionPointOut>
                    <relPosition x="50" y="30"/>
                  </connectionPointOut>
                </variable>
                <variable formalParameter="ET">
                  <connectionPointOut>
                    <relPosition x="50" y="50"/>
                  </connectionPointOut>
                </variable>
              </outputVariables>
            </block>
            <inVariable localId="14" width="80" height="30" negated="false">
              <position x="260" y="280"/>
              <connectionPointOut>
                <relPosition x="80" y="20"/>
              </connectionPointOut>
              <expression>t#1500ms</expression>
            </inVariable>
            <coil localId="15" negated="false" width="21" height="20" storage="set">
              <position x="520" y="160"/>
              <connectionPointIn>
                <relPosition x="0" y="10"/>
                <connection refLocalId="32">
                  <position x="520" y="170"/>
                  <position x="450" y="170"/>
                </connection>
              </connectionPointIn>
              <connectionPointOut>
                <relPosition x="21" y="10"/>
              </connectionPointOut>
              <variable>LED1</variable>
            </coil>
            <coil localId="16" negated="false" width="21" height="20" storage="reset">
              <position x="498" y="240"/>
              <connectionPointIn>
                <relPosition x="0" y="10"/>
                <connection refLocalId="11" formalParameter="Q">
                  <position x="498" y="250"/>
                  <position x="440" y="250"/>
                </connection>
              </connectionPointIn>
              <connectionPointOut>
                <relPosition x="21" y="10"/>
              </connectionPointOut>
              <variable>LED1</variable>
            </coil>
            <coil localId="17" negated="false" width="21" height="20" storage="set">
              <position x="500" y="290"/>
              <connectionPointIn>
                <relPosition x="0" y="10"/>
                <connection refLocalId="11" formalParameter="Q">
                  <position x="500" y="300"/>
                  <position x="470" y="300"/>
                  <position x="470" y="250"/>
                  <position x="440" y="250"/>
                </connection>
              </connectionPointIn>
              <connectionPointOut>
                <relPosition x="21" y="10"/>
              </connectionPointOut>
              <variable>LED2</variable>
            </coil>
            <contact localId="19" negated="true" width="21" height="20">
              <position x="190" y="320"/>
              <connectionPointIn>
                <relPosition x="0" y="10"/>
                <connection refLocalId="1">
                  <position x="190" y="330"/>
                  <position x="170" y="330"/>
                </connection>
              </connectionPointIn>
              <connectionPointOut>
                <relPosition x="21" y="10"/>
              </connectionPointOut>
              <variable>LED1</variable>
            </contact>
            <contact localId="20" negated="false" width="21" height="20">
              <position x="230" y="320"/>
              <connectionPointIn>
                <relPosition x="0" y="10"/>
                <connection refLocalId="19">
                  <position x="230" y="330"/>
                  <position x="211" y="330"/>
                </connection>
              </connectionPointIn>
              <connectionPointOut>
                <relPosition x="21" y="10"/>
              </connectionPointOut>
              <variable>LED2</variable>
            </contact>
            <contact localId="21" negated="true" width="21" height="20">
              <position x="270" y="320"/>
              <connectionPointIn>
                <relPosition x="0" y="10"/>
                <connection refLocalId="20">
                  <position x="270" y="330"/>
                  <position x="251" y="330"/>
                </connection>
              </connectionPointIn>
              <connectionPointOut>
                <relPosition x="21" y="10"/>
              </connectionPointOut>
              <variable>LED3</variable>
            </contact>
            <block localId="5" typeName="TON" instanceName="TON1" width="50" height="60" executionOrderId="0">
              <position x="420" y="310"/>
              <inputVariables>
                <variable formalParameter="IN">
                  <connectionPointIn>
                    <relPosition x="0" y="30"/>
                    <connection refLocalId="18">
                      <position x="420" y="340"/>
                      <position x="391" y="340"/>
                      <position x="391" y="330"/>
                      <position x="381" y="330"/>
                    </connection>
                  </connectionPointIn>
                </variable>
                <variable formalParameter="PT">
                  <connectionPointIn>
                    <relPosition x="0" y="50"/>
                    <connection refLocalId="7">
                      <position x="420" y="360"/>
                      <position x="380" y="360"/>
                      <position x="380" y="380"/>
                      <position x="350" y="380"/>
                    </connection>
                  </connectionPointIn>
                </variable>
              </inputVariables>
              <inOutVariables/>
              <outputVariables>
                <variable formalParameter="Q">
                  <connectionPointOut>
                    <relPosition x="50" y="30"/>
                  </connectionPointOut>
                </variable>
                <variable formalParameter="ET">
                  <connectionPointOut>
                    <relPosition x="50" y="50"/>
                  </connectionPointOut>
                </variable>
              </outputVariables>
            </block>
            <inVariable localId="7" width="80" height="30" negated="false" executionOrderId="0">
              <position x="270" y="360"/>
              <connectionPointOut>
                <relPosition x="80" y="20"/>
              </connectionPointOut>
              <expression>t#1500ms</expression>
            </inVariable>
            <coil localId="22" negated="false" storage="reset" width="21" height="20">
              <position x="500" y="330"/>
              <connectionPointIn>
                <relPosition x="0" y="10"/>
                <connection refLocalId="5" formalParameter="Q">
                  <position x="500" y="340"/>
                  <position x="470" y="340"/>
                </connection>
              </connectionPointIn>
              <connectionPointOut>
                <relPosition x="21" y="10"/>
              </connectionPointOut>
              <variable>LED2</variable>
            </coil>
            <coil localId="23" negated="false" storage="set" width="21" height="20">
              <position x="510" y="370"/>
              <connectionPointIn>
                <relPosition x="0" y="10"/>
                <connection refLocalId="5" formalParameter="Q">
                  <position x="510" y="380"/>
                  <position x="490" y="380"/>
                  <position x="490" y="340"/>
                  <position x="470" y="340"/>
                </connection>
              </connectionPointIn>
              <connectionPointOut>
                <relPosition x="21" y="10"/>
              </connectionPointOut>
              <variable>LED3</variable>
            </coil>
            <contact localId="24" negated="true" width="21" height="20">
              <position x="210" y="400"/>
              <connectionPointIn>
                <relPosition x="0" y="10"/>
                <connection refLocalId="1">
                  <position x="210" y="410"/>
                  <position x="170" y="410"/>
                </connection>
              </connectionPointIn>
              <connectionPointOut>
                <relPosition x="21" y="10"/>
              </connectionPointOut>
              <variable>LED1</variable>
            </contact>
            <contact localId="25" negated="true" width="21" height="20">
              <position x="250" y="400"/>
              <connectionPointIn>
                <relPosition x="0" y="10"/>
                <connection refLocalId="24">
                  <position x="250" y="410"/>
                  <position x="230" y="410"/>
                  <position x="230" y="410"/>
                  <position x="231" y="410"/>
                </connection>
              </connectionPointIn>
              <connectionPointOut>
                <relPosition x="21" y="10"/>
              </connectionPointOut>
              <variable>LED2</variable>
            </contact>
            <contact localId="26" negated="false" width="21" height="20">
              <position x="290" y="400"/>
              <connectionPointIn>
                <relPosition x="0" y="10"/>
                <connection refLocalId="25">
                  <position x="290" y="410"/>
                  <position x="280" y="410"/>
                  <position x="280" y="410"/>
                  <position x="271" y="410"/>
                </connection>
              </connectionPointIn>
              <connectionPointOut>
                <relPosition x="21" y="10"/>
              </connectionPointOut>
              <variable>LED3</variable>
            </contact>
            <contact localId="27" negated="true" width="21" height="20">
              <position x="340" y="400"/>
              <connectionPointIn>
                <relPosition x="0" y="10"/>
                <connection refLocalId="26">
                  <position x="340" y="410"/>
                  <position x="311" y="410"/>
                </connection>
              </connectionPointIn>
              <connectionPointOut>
                <relPosition x="21" y="10"/>
              </connectionPointOut>
              <variable>LED4</variable>
            </contact>
            <block localId="8" typeName="TON" instanceName="TON2" width="50" height="60" executionOrderId="0">
              <position x="450" y="390"/>
              <inputVariables>
                <variable formalParameter="IN">
                  <connectionPointIn>
                    <relPosition x="0" y="30"/>
                    <connection refLocalId="78">
                      <position x="450" y="420"/>
                      <position x="430" y="420"/>
                      <position x="430" y="410"/>
                      <position x="411" y="410"/>
                    </connection>
                  </connectionPointIn>
                </variable>
                <variable formalParameter="PT">
                  <connectionPointIn>
                    <relPosition x="0" y="50"/>
                    <connection refLocalId="10">
                      <position x="450" y="440"/>
                      <position x="415" y="440"/>
                      <position x="415" y="460"/>
                      <position x="380" y="460"/>
                    </connection>
                  </connectionPointIn>
                </variable>
              </inputVariables>
              <inOutVariables/>
              <outputVariables>
                <variable formalParameter="Q">
                  <connectionPointOut>
                    <relPosition x="50" y="30"/>
                  </connectionPointOut>
                </variable>
                <variable formalParameter="ET">
                  <connectionPointOut>
                    <relPosition x="50" y="50"/>
                  </connectionPointOut>
                </variable>
              </outputVariables>
            </block>
            <inVariable localId="10" width="80" height="30" negated="false" executionOrderId="0">
              <position x="300" y="450"/>
              <connectionPointOut>
                <relPosition x="80" y="10"/>
              </connectionPointOut>
              <expression>t#1500ms</expression>
            </inVariable>
            <coil localId="12" negated="false" storage="set" width="21" height="20" executionOrderId="0">
              <position x="510" y="370"/>
              <connectionPointIn>
                <relPosition x="0" y="10"/>
              </connectionPointIn>
              <connectionPointOut>
                <relPosition x="21" y="10"/>
              </connectionPointOut>
              <variable>LED3</variable>
            </coil>
            <coil localId="13" negated="false" storage="reset" width="21" height="20" executionOrderId="0">
              <position x="530" y="410"/>
              <connectionPointIn>
                <relPosition x="0" y="10"/>
                <connection refLocalId="8" formalParameter="Q">
                  <position x="530" y="420"/>
                  <position x="500" y="420"/>
                </connection>
              </connectionPointIn>
              <connectionPointOut>
                <relPosition x="21" y="10"/>
              </connectionPointOut>
              <variable>LED3</variable>
            </coil>
            <coil localId="28" negated="false" storage="set" width="21" height="20">
              <position x="530" y="450"/>
              <connectionPointIn>
                <relPosition x="0" y="10"/>
                <connection refLocalId="8" formalParameter="Q">
                  <position x="530" y="460"/>
                  <position x="515" y="460"/>
                  <position x="515" y="420"/>
                  <position x="500" y="420"/>
                </connection>
              </connectionPointIn>
              <connectionPointOut>
                <relPosition x="21" y="10"/>
              </connectionPointOut>
              <variable>LED4</variable>
            </coil>
            <contact localId="33" negated="true" width="21" height="20">
              <position x="200" y="480"/>
              <connectionPointIn>
                <relPosition x="0" y="10"/>
                <connection refLocalId="1">
                  <position x="200" y="490"/>
                  <position x="170" y="490"/>
                </connection>
              </connectionPointIn>
              <connectionPointOut>
                <relPosition x="21" y="10"/>
              </connectionPointOut>
              <variable>LED1</variable>
            </contact>
            <contact localId="34" negated="true" width="21" height="20">
              <position x="250" y="480"/>
              <connectionPointIn>
                <relPosition x="0" y="10"/>
                <connection refLocalId="33">
                  <position x="250" y="490"/>
                  <position x="221" y="490"/>
                </connection>
              </connectionPointIn>
              <connectionPointOut>
                <relPosition x="21" y="10"/>
              </connectionPointOut>
              <variable>LED2</variable>
            </contact>
            <contact localId="35" negated="true" width="21" height="20">
              <position x="290" y="490"/>
              <connectionPointIn>
                <relPosition x="0" y="10"/>
                <connection refLocalId="34">
                  <position x="290" y="500"/>
                  <position x="280" y="500"/>
                  <position x="280" y="495"/>
                  <position x="281" y="495"/>
                  <position x="281" y="490"/>
                  <position x="271" y="490"/>
                </connection>
              </connectionPointIn>
              <connectionPointOut>
                <relPosition x="21" y="10"/>
              </connectionPointOut>
              <variable>LED3</variable>
            </contact>
            <contact localId="36" negated="false" width="21" height="20">
              <position x="330" y="490"/>
              <connectionPointIn>
                <relPosition x="0" y="10"/>
                <connection refLocalId="35">
                  <position x="330" y="500"/>
                  <position x="311" y="500"/>
                </connection>
              </connectionPointIn>
              <connectionPointOut>
                <relPosition x="21" y="10"/>
              </connectionPointOut>
              <variable>LED4</variable>
            </contact>
            <block localId="37" typeName="TON" instanceName="TON3" width="50" height="60" executionOrderId="0">
              <position x="420" y="470"/>
              <inputVariables>
                <variable formalParameter="IN">
                  <connectionPointIn>
                    <relPosition x="0" y="30"/>
                    <connection refLocalId="79">
                      <position x="420" y="500"/>
                      <position x="401" y="500"/>
                    </connection>
                  </connectionPointIn>
                </variable>
                <variable formalParameter="PT">
                  <connectionPointIn>
                    <relPosition x="0" y="50"/>
                    <connection refLocalId="38">
                      <position x="420" y="520"/>
                      <position x="390" y="520"/>
                      <position x="390" y="540"/>
                      <position x="360" y="540"/>
                    </connection>
                  </connectionPointIn>
                </variable>
              </inputVariables>
              <inOutVariables/>
              <outputVariables>
                <variable formalParameter="Q">
                  <connectionPointOut>
                    <relPosition x="50" y="30"/>
                  </connectionPointOut>
                </variable>
                <variable formalParameter="ET">
                  <connectionPointOut>
                    <relPosition x="50" y="50"/>
                  </connectionPointOut>
                </variable>
              </outputVariables>
            </block>
            <inVariable localId="38" width="80" height="30" negated="false" executionOrderId="0">
              <position x="280" y="520"/>
              <connectionPointOut>
                <relPosition x="80" y="20"/>
              </connectionPointOut>
              <expression>t#1500ms</expression>
            </inVariable>
            <coil localId="39" negated="false" storage="reset" width="21" height="20">
              <position x="518" y="490"/>
              <connectionPointIn>
                <relPosition x="0" y="10"/>
                <connection refLocalId="37" formalParameter="Q">
                  <position x="518" y="500"/>
                  <position x="470" y="500"/>
                </connection>
              </connectionPointIn>
              <connectionPointOut>
                <relPosition x="21" y="10"/>
              </connectionPointOut>
              <variable>LED4</variable>
            </coil>
            <coil localId="40" negated="false" storage="set" width="21" height="20">
              <position x="520" y="530"/>
              <connectionPointIn>
                <relPosition x="0" y="10"/>
                <connection refLocalId="37" formalParameter="Q">
                  <position x="520" y="540"/>
                  <position x="495" y="540"/>
                  <position x="495" y="500"/>
                  <position x="470" y="500"/>
                </connection>
              </connectionPointIn>
              <connectionPointOut>
                <relPosition x="21" y="10"/>
              </connectionPointOut>
              <variable>LED3</variable>
            </coil>
            <coil localId="41" negated="false" storage="set" width="21" height="20">
              <position x="520" y="570"/>
              <connectionPointIn>
                <relPosition x="0" y="10"/>
                <connection refLocalId="37" formalParameter="Q">
                  <position x="520" y="580"/>
                  <position x="495" y="580"/>
                  <position x="495" y="500"/>
                  <position x="470" y="500"/>
                </connection>
              </connectionPointIn>
              <connectionPointOut>
                <relPosition x="21" y="10"/>
              </connectionPointOut>
              <variable>VA1</variable>
            </coil>
            <coil localId="43" negated="false" storage="reset" width="21" height="20" executionOrderId="0">
              <position x="520" y="610"/>
              <connectionPointIn>
                <relPosition x="0" y="10"/>
                <connection refLocalId="44" formalParameter="Q">
                  <position x="520" y="620"/>
                  <position x="472" y="620"/>
                </connection>
              </connectionPointIn>
              <connectionPointOut>
                <relPosition x="21" y="10"/>
              </connectionPointOut>
              <variable>LED3</variable>
            </coil>
            <block localId="44" typeName="TON" instanceName="TON4" width="50" height="60" executionOrderId="0">
              <position x="422" y="590"/>
              <inputVariables>
                <variable formalParameter="IN">
                  <connectionPointIn>
                    <relPosition x="0" y="30"/>
                    <connection refLocalId="45">
                      <position x="422" y="620"/>
                      <position x="391" y="620"/>
                    </connection>
                  </connectionPointIn>
                </variable>
                <variable formalParameter="PT">
                  <connectionPointIn>
                    <relPosition x="0" y="50"/>
                    <connection refLocalId="49">
                      <position x="422" y="640"/>
                      <position x="392" y="640"/>
                      <position x="392" y="650"/>
                      <position x="362" y="650"/>
                    </connection>
                  </connectionPointIn>
                </variable>
              </inputVariables>
              <inOutVariables/>
              <outputVariables>
                <variable formalParameter="Q">
                  <connectionPointOut>
                    <relPosition x="50" y="30"/>
                  </connectionPointOut>
                </variable>
                <variable formalParameter="ET">
                  <connectionPointOut>
                    <relPosition x="50" y="50"/>
                  </connectionPointOut>
                </variable>
              </outputVariables>
            </block>
            <contact localId="45" negated="true" width="21" height="20" executionOrderId="0">
              <position x="370" y="610"/>
              <connectionPointIn>
                <relPosition x="0" y="10"/>
                <connection refLocalId="46">
                  <position x="370" y="620"/>
                  <position x="351" y="620"/>
                </connection>
              </connectionPointIn>
              <connectionPointOut>
                <relPosition x="21" y="10"/>
              </connectionPointOut>
              <variable>LED4</variable>
            </contact>
            <contact localId="46" negated="false" width="21" height="20" executionOrderId="0">
              <position x="330" y="610"/>
              <connectionPointIn>
                <relPosition x="0" y="10"/>
                <connection refLocalId="47">
                  <position x="330" y="620"/>
                  <position x="301" y="620"/>
                </connection>
              </connectionPointIn>
              <connectionPointOut>
                <relPosition x="21" y="10"/>
              </connectionPointOut>
              <variable>LED3</variable>
            </contact>
            <contact localId="47" negated="true" width="21" height="20" executionOrderId="0">
              <position x="280" y="610"/>
              <connectionPointIn>
                <relPosition x="0" y="10"/>
                <connection refLocalId="48">
                  <position x="280" y="620"/>
                  <position x="261" y="620"/>
                </connection>
              </connectionPointIn>
              <connectionPointOut>
                <relPosition x="21" y="10"/>
              </connectionPointOut>
              <variable>LED2</variable>
            </contact>
            <contact localId="48" negated="true" width="21" height="20" executionOrderId="0">
              <position x="240" y="610"/>
              <connectionPointIn>
                <relPosition x="0" y="10"/>
                <connection refLocalId="51">
                  <position x="240" y="620"/>
                  <position x="230" y="620"/>
                  <position x="230" y="620"/>
                  <position x="231" y="620"/>
                </connection>
              </connectionPointIn>
              <connectionPointOut>
                <relPosition x="21" y="10"/>
              </connectionPointOut>
              <variable>LED1</variable>
            </contact>
            <inVariable localId="49" width="80" height="30" negated="false" executionOrderId="0">
              <position x="282" y="640"/>
              <connectionPointOut>
                <relPosition x="80" y="20"/>
              </connectionPointOut>
              <expression>t#1500ms</expression>
            </inVariable>
            <coil localId="50" negated="false" storage="set" width="21" height="20" executionOrderId="0">
              <position x="522" y="650"/>
              <connectionPointIn>
                <relPosition x="0" y="10"/>
                <connection refLocalId="44" formalParameter="Q">
                  <position x="522" y="660"/>
                  <position x="497" y="660"/>
                  <position x="497" y="620"/>
                  <position x="472" y="620"/>
                </connection>
              </connectionPointIn>
              <connectionPointOut>
                <relPosition x="21" y="10"/>
              </connectionPointOut>
              <variable>LED2</variable>
            </coil>
            <contact localId="51" negated="false" width="21" height="20">
              <position x="210" y="610"/>
              <connectionPointIn>
                <relPosition x="0" y="10"/>
                <connection refLocalId="1">
                  <position x="210" y="620"/>
                  <position x="200" y="620"/>
                  <position x="200" y="610"/>
                  <position x="170" y="610"/>
                </connection>
              </connectionPointIn>
              <connectionPointOut>
                <relPosition x="21" y="10"/>
              </connectionPointOut>
              <variable>VA1</variable>
            </contact>
            <coil localId="52" negated="false" storage="reset" width="21" height="20" executionOrderId="0">
              <position x="540" y="690"/>
              <connectionPointIn>
                <relPosition x="0" y="10"/>
                <connection refLocalId="53" formalParameter="Q">
                  <position x="540" y="700"/>
                  <position x="492" y="700"/>
                </connection>
              </connectionPointIn>
              <connectionPointOut>
                <relPosition x="21" y="10"/>
              </connectionPointOut>
              <variable>LED2</variable>
            </coil>
            <block localId="53" typeName="TON" instanceName="TON5" width="50" height="60" executionOrderId="0">
              <position x="442" y="670"/>
              <inputVariables>
                <variable formalParameter="IN">
                  <connectionPointIn>
                    <relPosition x="0" y="30"/>
                    <connection refLocalId="54">
                      <position x="442" y="700"/>
                      <position x="411" y="700"/>
                    </connection>
                  </connectionPointIn>
                </variable>
                <variable formalParameter="PT">
                  <connectionPointIn>
                    <relPosition x="0" y="50"/>
                    <connection refLocalId="58">
                      <position x="442" y="720"/>
                      <position x="412" y="720"/>
                      <position x="412" y="740"/>
                      <position x="382" y="740"/>
                    </connection>
                  </connectionPointIn>
                </variable>
              </inputVariables>
              <inOutVariables/>
              <outputVariables>
                <variable formalParameter="Q">
                  <connectionPointOut>
                    <relPosition x="50" y="30"/>
                  </connectionPointOut>
                </variable>
                <variable formalParameter="ET">
                  <connectionPointOut>
                    <relPosition x="50" y="50"/>
                  </connectionPointOut>
                </variable>
              </outputVariables>
            </block>
            <contact localId="54" negated="true" width="21" height="20" executionOrderId="0">
              <position x="390" y="690"/>
              <connectionPointIn>
                <relPosition x="0" y="10"/>
                <connection refLocalId="55">
                  <position x="390" y="700"/>
                  <position x="371" y="700"/>
                </connection>
              </connectionPointIn>
              <connectionPointOut>
                <relPosition x="21" y="10"/>
              </connectionPointOut>
              <variable>LED4</variable>
            </contact>
            <contact localId="55" negated="true" width="21" height="20" executionOrderId="0">
              <position x="350" y="690"/>
              <connectionPointIn>
                <relPosition x="0" y="10"/>
                <connection refLocalId="56">
                  <position x="350" y="700"/>
                  <position x="321" y="700"/>
                </connection>
              </connectionPointIn>
              <connectionPointOut>
                <relPosition x="21" y="10"/>
              </connectionPointOut>
              <variable>LED3</variable>
            </contact>
            <contact localId="56" negated="false" width="21" height="20" executionOrderId="0">
              <position x="300" y="690"/>
              <connectionPointIn>
                <relPosition x="0" y="10"/>
                <connection refLocalId="57">
                  <position x="300" y="700"/>
                  <position x="281" y="700"/>
                </connection>
              </connectionPointIn>
              <connectionPointOut>
                <relPosition x="21" y="10"/>
              </connectionPointOut>
              <variable>LED2</variable>
            </contact>
            <contact localId="57" negated="true" width="21" height="20" executionOrderId="0">
              <position x="260" y="690"/>
              <connectionPointIn>
                <relPosition x="0" y="10"/>
                <connection refLocalId="60">
                  <position x="260" y="700"/>
                  <position x="240" y="700"/>
                </connection>
              </connectionPointIn>
              <connectionPointOut>
                <relPosition x="21" y="10"/>
              </connectionPointOut>
              <variable>LED1</variable>
            </contact>
            <inVariable localId="58" width="80" height="30" negated="false" executionOrderId="0">
              <position x="302" y="720"/>
              <connectionPointOut>
                <relPosition x="80" y="20"/>
              </connectionPointOut>
              <expression>t#1500ms</expression>
            </inVariable>
            <coil localId="59" negated="false" storage="set" width="21" height="20" executionOrderId="0">
              <position x="542" y="730"/>
              <connectionPointIn>
                <relPosition x="0" y="10"/>
                <connection refLocalId="53" formalParameter="Q">
                  <position x="542" y="740"/>
                  <position x="517" y="740"/>
                  <position x="517" y="700"/>
                  <position x="492" y="700"/>
                </connection>
              </connectionPointIn>
              <connectionPointOut>
                <relPosition x="21" y="10"/>
              </connectionPointOut>
              <variable>LED1</variable>
            </coil>
            <contact localId="60" negated="false" width="21" height="20">
              <position x="220" y="690"/>
              <connectionPointIn>
                <relPosition x="0" y="10"/>
                <connection refLocalId="1">
                  <position x="220" y="700"/>
                  <position x="205" y="700"/>
                  <position x="205" y="690"/>
                  <position x="170" y="690"/>
                </connection>
              </connectionPointIn>
              <connectionPointOut>
                <relPosition x="21" y="10"/>
              </connectionPointOut>
              <variable>VA1</variable>
            </contact>
            <coil localId="61" negated="false" storage="reset" width="21" height="20" executionOrderId="0">
              <position x="530" y="770"/>
              <connectionPointIn>
                <relPosition x="0" y="10"/>
                <connection refLocalId="62" formalParameter="Q">
                  <position x="530" y="780"/>
                  <position x="482" y="780"/>
                </connection>
              </connectionPointIn>
              <connectionPointOut>
                <relPosition x="21" y="10"/>
              </connectionPointOut>
              <variable>LED1</variable>
            </coil>
            <block localId="62" typeName="TON" instanceName="TON6" width="50" height="60" executionOrderId="0">
              <position x="432" y="750"/>
              <inputVariables>
                <variable formalParameter="IN">
                  <connectionPointIn>
                    <relPosition x="0" y="30"/>
                    <connection refLocalId="63">
                      <position x="432" y="780"/>
                      <position x="401" y="780"/>
                    </connection>
                  </connectionPointIn>
                </variable>
                <variable formalParameter="PT">
                  <connectionPointIn>
                    <relPosition x="0" y="50"/>
                    <connection refLocalId="67">
                      <position x="432" y="800"/>
                      <position x="402" y="800"/>
                      <position x="402" y="810"/>
                      <position x="372" y="810"/>
                    </connection>
                  </connectionPointIn>
                </variable>
              </inputVariables>
              <inOutVariables/>
              <outputVariables>
                <variable formalParameter="Q">
                  <connectionPointOut>
                    <relPosition x="50" y="30"/>
                  </connectionPointOut>
                </variable>
                <variable formalParameter="ET">
                  <connectionPointOut>
                    <relPosition x="50" y="50"/>
                  </connectionPointOut>
                </variable>
              </outputVariables>
            </block>
            <contact localId="63" negated="true" width="21" height="20" executionOrderId="0">
              <position x="380" y="770"/>
              <connectionPointIn>
                <relPosition x="0" y="10"/>
                <connection refLocalId="64">
                  <position x="380" y="780"/>
                  <position x="361" y="780"/>
                </connection>
              </connectionPointIn>
              <connectionPointOut>
                <relPosition x="21" y="10"/>
              </connectionPointOut>
              <variable>LED4</variable>
            </contact>
            <contact localId="64" negated="true" width="21" height="20" executionOrderId="0">
              <position x="340" y="770"/>
              <connectionPointIn>
                <relPosition x="0" y="10"/>
                <connection refLocalId="65">
                  <position x="340" y="780"/>
                  <position x="311" y="780"/>
                </connection>
              </connectionPointIn>
              <connectionPointOut>
                <relPosition x="21" y="10"/>
              </connectionPointOut>
              <variable>LED3</variable>
            </contact>
            <contact localId="65" negated="true" width="21" height="20" executionOrderId="0">
              <position x="290" y="770"/>
              <connectionPointIn>
                <relPosition x="0" y="10"/>
                <connection refLocalId="66">
                  <position x="290" y="780"/>
                  <position x="271" y="780"/>
                </connection>
              </connectionPointIn>
              <connectionPointOut>
                <relPosition x="21" y="10"/>
              </connectionPointOut>
              <variable>LED2</variable>
            </contact>
            <contact localId="66" negated="false" width="21" height="20" executionOrderId="0">
              <position x="250" y="770"/>
              <connectionPointIn>
                <relPosition x="0" y="10"/>
                <connection refLocalId="42">
                  <position x="250" y="780"/>
                  <position x="231" y="780"/>
                </connection>
              </connectionPointIn>
              <connectionPointOut>
                <relPosition x="21" y="10"/>
              </connectionPointOut>
              <variable>LED1</variable>
            </contact>
            <inVariable localId="67" width="80" height="30" negated="false" executionOrderId="0">
              <position x="292" y="800"/>
              <connectionPointOut>
                <relPosition x="80" y="10"/>
              </connectionPointOut>
              <expression>t#1500ms</expression>
            </inVariable>
            <coil localId="68" negated="false" storage="reset" width="21" height="20" executionOrderId="0">
              <position x="532" y="810"/>
              <connectionPointIn>
                <relPosition x="0" y="10"/>
                <connection refLocalId="62" formalParameter="Q">
                  <position x="532" y="820"/>
                  <position x="507" y="820"/>
                  <position x="507" y="780"/>
                  <position x="482" y="780"/>
                </connection>
              </connectionPointIn>
              <connectionPointOut>
                <relPosition x="21" y="10"/>
              </connectionPointOut>
              <variable>VA1</variable>
            </coil>
            <contact localId="42" negated="false" width="21" height="20" executionOrderId="0">
              <position x="210" y="770"/>
              <connectionPointIn>
                <relPosition x="0" y="10"/>
                <connection refLocalId="1">
                  <position x="210" y="780"/>
                  <position x="200" y="780"/>
                  <position x="200" y="770"/>
                  <position x="170" y="770"/>
                </connection>
              </connectionPointIn>
              <connectionPointOut>
                <relPosition x="21" y="10"/>
              </connectionPointOut>
              <variable>VA1</variable>
            </contact>
            <leftPowerRail localId="69" width="10" height="40">
              <position x="160" y="100"/>
              <connectionPointOut formalParameter="">
                <relPosition x="10" y="20"/>
              </connectionPointOut>
            </leftPowerRail>
            <leftPowerRail localId="70" width="10" height="160">
              <position x="160" y="30"/>
              <connectionPointOut formalParameter="">
                <relPosition x="10" y="20"/>
              </connectionPointOut>
              <connectionPointOut formalParameter="">
                <relPosition x="10" y="60"/>
              </connectionPointOut>
              <connectionPointOut formalParameter="">
                <relPosition x="10" y="100"/>
              </connectionPointOut>
              <connectionPointOut formalParameter="">
                <relPosition x="10" y="140"/>
              </connectionPointOut>
            </leftPowerRail>
            <rightPowerRail localId="71" width="10" height="160">
              <position x="590" y="0"/>
              <connectionPointIn>
                <relPosition x="0" y="20"/>
              </connectionPointIn>
              <connectionPointIn>
                <relPosition x="0" y="60"/>
                <connection refLocalId="81">
                  <position x="590" y="60"/>
                  <position x="529" y="60"/>
                  <position x="529" y="50"/>
                  <position x="469" y="50"/>
                </connection>
              </connectionPointIn>
              <connectionPointIn>
                <relPosition x="0" y="100"/>
              </connectionPointIn>
              <connectionPointIn>
                <relPosition x="0" y="140"/>
              </connectionPointIn>
            </rightPowerRail>
            <contact localId="29" negated="true" width="21" height="20" executionOrderId="0">
              <position x="250" y="160"/>
              <connectionPointIn>
                <relPosition x="0" y="10"/>
                <connection refLocalId="6">
                  <position x="250" y="170"/>
                  <position x="221" y="170"/>
                </connection>
              </connectionPointIn>
              <connectionPointOut>
                <relPosition x="21" y="10"/>
              </connectionPointOut>
              <variable>LED1</variable>
            </contact>
            <contact localId="30" negated="true" width="21" height="20" executionOrderId="0">
              <position x="300" y="160"/>
              <connectionPointIn>
                <relPosition x="0" y="10"/>
                <connection refLocalId="29">
                  <position x="300" y="170"/>
                  <position x="271" y="170"/>
                </connection>
              </connectionPointIn>
              <connectionPointOut>
                <relPosition x="21" y="10"/>
              </connectionPointOut>
              <variable>LED2</variable>
            </contact>
            <contact localId="31" negated="true" width="21" height="20" executionOrderId="0">
              <position x="330" y="160"/>
              <connectionPointIn>
                <relPosition x="0" y="10"/>
                <connection refLocalId="30">
                  <position x="330" y="170"/>
                  <position x="320" y="170"/>
                  <position x="320" y="170"/>
                  <position x="337" y="170"/>
                </connection>
              </connectionPointIn>
              <connectionPointOut>
                <relPosition x="21" y="10"/>
              </connectionPointOut>
              <variable>LED3</variable>
            </contact>
            <contact localId="32" negated="true" width="21" height="20" executionOrderId="0">
              <position x="430" y="160"/>
              <connectionPointIn>
                <relPosition x="0" y="10"/>
                <connection refLocalId="75">
                  <position x="430" y="170"/>
                  <position x="401" y="170"/>
                </connection>
              </connectionPointIn>
              <connectionPointOut>
                <relPosition x="21" y="10"/>
              </connectionPointOut>
              <variable>VA1</variable>
            </contact>
            <contact localId="72" negated="true" width="21" height="20" executionOrderId="0">
              <position x="230" y="240"/>
              <connectionPointIn>
                <relPosition x="0" y="10"/>
                <connection refLocalId="9">
                  <position x="230" y="250"/>
                  <position x="211" y="250"/>
                </connection>
              </connectionPointIn>
              <connectionPointOut>
                <relPosition x="21" y="10"/>
              </connectionPointOut>
              <variable>LED2</variable>
            </contact>
            <contact localId="73" negated="true" width="21" height="20" executionOrderId="0">
              <position x="270" y="240"/>
              <connectionPointIn>
                <relPosition x="0" y="10"/>
                <connection refLocalId="72">
                  <position x="270" y="250"/>
                  <position x="251" y="250"/>
                </connection>
              </connectionPointIn>
              <connectionPointOut>
                <relPosition x="21" y="10"/>
              </connectionPointOut>
              <variable>LED3</variable>
            </contact>
            <contact localId="74" negated="true" width="21" height="20" executionOrderId="0">
              <position x="360" y="240"/>
              <connectionPointIn>
                <relPosition x="0" y="10"/>
                <connection refLocalId="76">
                  <position x="360" y="250"/>
                  <position x="331" y="250"/>
                </connection>
              </connectionPointIn>
              <connectionPointOut>
                <relPosition x="21" y="10"/>
              </connectionPointOut>
              <variable>VA1</variable>
            </contact>
            <contact localId="18" negated="true" width="21" height="20" executionOrderId="0">
              <position x="360" y="320"/>
              <connectionPointIn>
                <relPosition x="0" y="10"/>
                <connection refLocalId="77">
                  <position x="360" y="330"/>
                  <position x="341" y="330"/>
                </connection>
              </connectionPointIn>
              <connectionPointOut>
                <relPosition x="21" y="10"/>
              </connectionPointOut>
              <variable>VA1</variable>
            </contact>
            <contact localId="75" negated="true" width="21" height="20" executionOrderId="0">
              <position x="380" y="160"/>
              <connectionPointIn>
                <relPosition x="0" y="10"/>
                <connection refLocalId="31">
                  <position x="380" y="170"/>
                  <position x="351" y="170"/>
                </connection>
              </connectionPointIn>
              <connectionPointOut>
                <relPosition x="21" y="10"/>
              </connectionPointOut>
              <variable>LED4</variable>
            </contact>
            <contact localId="76" negated="true" width="21" height="20" executionOrderId="0">
              <position x="310" y="240"/>
              <connectionPointIn>
                <relPosition x="0" y="10"/>
                <connection refLocalId="73">
                  <position x="310" y="250"/>
                  <position x="291" y="250"/>
                </connection>
              </connectionPointIn>
              <connectionPointOut>
                <relPosition x="21" y="10"/>
              </connectionPointOut>
              <variable>LED4</variable>
            </contact>
            <contact localId="77" negated="true" width="21" height="20" executionOrderId="0">
              <position x="320" y="320"/>
              <connectionPointIn>
                <relPosition x="0" y="10"/>
                <connection refLocalId="21">
                  <position x="320" y="330"/>
                  <position x="291" y="330"/>
                </connection>
              </connectionPointIn>
              <connectionPointOut>
                <relPosition x="21" y="10"/>
              </connectionPointOut>
              <variable>LED4</variable>
            </contact>
            <contact localId="78" negated="true" width="21" height="20" executionOrderId="0">
              <position x="390" y="400"/>
              <connectionPointIn>
                <relPosition x="0" y="10"/>
                <connection refLocalId="27">
                  <position x="390" y="410"/>
                  <position x="361" y="410"/>
                </connection>
              </connectionPointIn>
              <connectionPointOut>
                <relPosition x="21" y="10"/>
              </connectionPointOut>
              <variable>VA1</variable>
            </contact>
            <contact localId="79" negated="true" width="21" height="20" executionOrderId="0">
              <position x="380" y="490"/>
              <connectionPointIn>
                <relPosition x="0" y="10"/>
                <connection refLocalId="36">
                  <position x="380" y="500"/>
                  <position x="351" y="500"/>
                </connection>
              </connectionPointIn>
              <connectionPointOut>
                <relPosition x="21" y="10"/>
              </connectionPointOut>
              <variable>LED2</variable>
            </contact>
            <contact localId="80" negated="false" edge="rising" width="21" height="20">
              <position x="248" y="40"/>
              <connectionPointIn>
                <relPosition x="0" y="10"/>
                <connection refLocalId="70">
                  <position x="248" y="50"/>
                  <position x="170" y="50"/>
                </connection>
              </connectionPointIn>
              <connectionPointOut>
                <relPosition x="21" y="10"/>
              </connectionPointOut>
              <variable>BP0</variable>
            </contact>
            <coil localId="81" negated="false" width="21" height="20">
              <position x="448" y="40"/>
              <connectionPointIn>
                <relPosition x="0" y="10"/>
                <connection refLocalId="80">
                  <position x="448" y="50"/>
                  <position x="269" y="50"/>
                </connection>
              </connectionPointIn>
              <connectionPointOut>
                <relPosition x="21" y="10"/>
              </connectionPointOut>
              <variable>VA2</variable>
            </coil>
            <coil localId="84" negated="false" width="21" height="20" storage="set" executionOrderId="0">
              <position x="520" y="200"/>
              <connectionPointIn>
                <relPosition x="0" y="10"/>
                <connection refLocalId="85">
                  <position x="520" y="210"/>
                  <position x="451" y="210"/>
                </connection>
              </connectionPointIn>
              <connectionPointOut>
                <relPosition x="21" y="10"/>
              </connectionPointOut>
              <variable>LED1</variable>
            </coil>
            <contact localId="85" negated="true" width="21" height="20" executionOrderId="0">
              <position x="430" y="200"/>
              <connectionPointIn>
                <relPosition x="0" y="10"/>
                <connection refLocalId="86">
                  <position x="430" y="210"/>
                  <position x="401" y="210"/>
                </connection>
              </connectionPointIn>
              <connectionPointOut>
                <relPosition x="21" y="10"/>
              </connectionPointOut>
              <variable>VA1</variable>
            </contact>
            <contact localId="86" negated="true" width="21" height="20" executionOrderId="0">
              <position x="380" y="200"/>
              <connectionPointIn>
                <relPosition x="0" y="10"/>
                <connection refLocalId="87">
                  <position x="380" y="210"/>
                  <position x="351" y="210"/>
                </connection>
              </connectionPointIn>
              <connectionPointOut>
                <relPosition x="21" y="10"/>
              </connectionPointOut>
              <variable>LED4</variable>
            </contact>
            <contact localId="87" negated="true" width="21" height="20" executionOrderId="0">
              <position x="330" y="200"/>
              <connectionPointIn>
                <relPosition x="0" y="10"/>
                <connection refLocalId="88">
                  <position x="330" y="210"/>
                  <position x="337" y="210"/>
                </connection>
              </connectionPointIn>
              <connectionPointOut>
                <relPosition x="21" y="10"/>
              </connectionPointOut>
              <variable>LED3</variable>
            </contact>
            <contact localId="88" negated="true" width="21" height="20" executionOrderId="0">
              <position x="300" y="200"/>
              <connectionPointIn>
                <relPosition x="0" y="10"/>
                <connection refLocalId="89">
                  <position x="300" y="210"/>
                  <position x="271" y="210"/>
                </connection>
              </connectionPointIn>
              <connectionPointOut>
                <relPosition x="21" y="10"/>
              </connectionPointOut>
              <variable>LED2</variable>
            </contact>
            <contact localId="89" negated="true" width="21" height="20" executionOrderId="0">
              <position x="250" y="200"/>
              <connectionPointIn>
                <relPosition x="0" y="10"/>
                <connection refLocalId="90">
                  <position x="250" y="210"/>
                  <position x="221" y="210"/>
                </connection>
              </connectionPointIn>
              <connectionPointOut>
                <relPosition x="21" y="10"/>
              </connectionPointOut>
              <variable>LED1</variable>
            </contact>
            <contact localId="90" negated="false" width="21" height="20" executionOrderId="0">
              <position x="200" y="200"/>
              <connectionPointIn>
                <relPosition x="0" y="10"/>
                <connection refLocalId="1">
                  <position x="200" y="210"/>
                  <position x="170" y="210"/>
                </connection>
              </connectionPointIn>
              <connectionPointOut>
                <relPosition x="21" y="10"/>
              </connectionPointOut>
              <variable>VA2</variable>
            </contact>
          </LD>
        </body>
      </pou>
    </pous>
  </types>
  <instances>
    <configurations>
      <configuration name="Config0">
        <resource name="Res0">
          <task name="task0" priority="0" interval="T#20ms">
            <pouInstance name="instance0" typeName="ChenillardEz"/>
          </task>
        </resource>
      </configuration>
    </configurations>
  </instances>
</project>
